{"0.1473349914871096":{"user_id":6},"0.44972833459944916":{"user_id":1},"0.1539322462659627":{"user_id":6},"0.5956278870238367":{"user_id":1},"0.060635665407027695":{"user_id":6},"0.1524923745284157":{"user_id":1},"0.6557231412026894":{"user_id":1}}